name,x1,y1,x2,y2,x3,y3,x4,y4,x5,y5,x6,y6,x7,y7,x8,y8,x9,y9,x10,y10,x11,y11,x12,y12,x13,y13,x14,y14,x15,y15,x16,y16,x17,y17,x18,y18,x19,y19,x20,y20,x21,y21,x22,y22,x23,y23,x24,y24,x25,y25,x26,y26,x27,y27,x28,y28,x29,y29,x30,y30,x31,y31,x32,y32,x33,y33,x34,y34,x35,y35,x36,y36,x37,y37,x38,y38,x39,y39,x40,y40,x41,y41,x42,y42,x43,y43,x44,y44,x45,y45,x46,y46,x47,y47,x48,y48,x49,y49,x50,y50,x51,y51,x52,y52,x53,y53,x54,y54,x55,y55,x56,y56,x57,y57,x58,y58,x59,y59,x60,y60,x61,y61,x62,y62,x63,y63,x64,y64,x65,y65,x66,y66,x67,y67,x68,y68
Person1,52,80,50,99,49,120,50,140,54,159,63,177,75,194,90,208,109,214,129,213,146,202,159,188,169,172,176,155,182,137,187,119,190,100,71,77,82,68,97,67,111,71,125,78,139,80,153,76,167,76,179,80,185,92,129,90,128,104,126,118,124,132,108,139,115,142,121,145,129,144,135,143,85,87,93,83,102,84,109,91,101,93,91,92,146,95,155,90,165,92,170,98,164,101,154,99,91,163,102,163,112,164,119,167,127,165,135,167,144,169,133,177,125,179,116,179,108,177,100,173,94,164,111,168,118,170,126,169,140,169,126,170,117,170,110,168
Person2,34,95,36,108,38,122,41,136,47,149,55,160,65,170,76,178,90,178,104,175,116,166,128,155,137,143,142,129,143,114,143,99,143,84,40,78,43,71,51,66,61,64,70,66,85,60,96,57,108,57,119,60,127,68,79,77,79,87,78,96,77,106,71,117,75,118,80,118,86,117,91,115,49,87,54,82,62,81,69,85,62,88,55,89,97,80,102,75,110,75,116,78,111,82,104,83,65,142,70,138,76,135,82,136,87,134,97,135,107,137,99,143,91,145,85,146,79,147,73,146,69,142,77,140,83,140,88,139,103,138,89,138,84,139,78,139
Person3,42,116,43,132,44,148,47,164,53,179,62,193,72,207,84,219,100,222,118,219,133,209,147,197,160,183,167,167,170,149,171,131,172,113,49,113,54,101,65,97,77,99,89,103,106,102,119,97,132,95,146,98,154,109,97,113,96,125,95,137,95,149,82,153,89,156,97,159,105,155,113,152,62,117,68,113,76,113,82,117,75,119,68,119,118,116,124,112,132,111,138,115,132,117,125,118,71,171,81,169,91,169,99,170,108,168,120,167,134,168,122,180,110,187,100,189,90,188,81,182,75,172,91,172,99,173,109,171,130,169,109,180,100,182,90,180
Person4,30,107,32,125,35,143,40,161,45,178,55,195,67,210,82,222,101,226,120,222,136,208,148,193,158,175,163,157,165,138,167,119,166,101,39,102,46,92,59,89,71,90,85,94,104,93,117,86,131,83,144,85,154,95,94,105,94,118,94,132,94,146,84,155,90,157,96,159,103,156,109,153,54,110,61,105,71,104,79,110,70,114,60,115,114,107,121,100,132,99,139,104,133,110,123,110,73,180,82,177,90,175,98,177,105,174,115,174,125,175,116,183,107,187,99,188,91,188,83,186,77,180,90,180,98,180,106,178,121,176,106,178,99,180,91,179
Person5,42,115,41,131,41,147,43,163,47,178,55,191,65,204,78,216,94,220,111,218,125,208,138,197,150,184,156,169,159,152,159,134,159,117,51,114,56,105,66,101,77,102,88,106,105,105,117,101,129,100,141,105,146,116,96,116,95,127,95,137,94,148,81,152,88,155,95,158,102,155,109,152,62,120,67,116,75,116,81,120,74,121,67,121,112,120,118,115,126,115,132,119,126,121,119,121,68,170,78,166,87,166,95,168,104,166,115,166,125,169,115,180,105,186,96,187,86,186,77,180,72,170,87,170,96,171,105,170,122,170,105,178,96,179,87,177
Person6,62,132,62,144,64,157,67,170,71,183,78,196,87,207,98,216,113,218,129,215,143,205,156,194,165,181,170,167,173,151,172,135,170,120,61,121,64,112,72,109,81,109,91,112,104,108,115,103,127,101,139,104,148,111,99,122,98,133,98,143,97,154,91,161,96,163,101,164,108,161,114,158,71,130,76,124,83,123,90,128,84,131,77,132,117,124,123,118,130,117,137,121,132,124,124,125,88,182,93,178,98,175,104,176,111,173,121,173,130,175,123,181,115,185,107,187,101,188,95,187,91,182,99,181,105,180,112,179,127,176,113,178,106,179,100,180
Person7,26,125,34,141,42,157,53,170,69,179,88,182,110,182,133,178,150,172,161,164,164,154,164,141,161,127,156,113,151,102,145,91,138,81,52,101,60,89,73,81,87,76,101,75,113,69,119,63,125,59,132,58,138,61,112,81,118,87,125,93,131,100,118,118,125,117,131,115,134,112,137,110,72,103,78,97,86,93,93,94,88,99,81,102,121,83,125,78,131,75,135,77,133,81,127,83,112,147,122,139,130,133,135,132,140,129,145,129,149,131,150,135,146,137,142,139,137,141,127,145,117,145,132,137,137,135,141,133,147,131,143,132,139,134,134,136
Person8,21,91,21,110,22,130,26,149,35,167,50,181,70,191,90,199,111,201,130,198,144,188,156,175,162,158,166,141,167,123,167,107,166,90,48,72,58,60,72,55,88,56,102,61,119,62,132,58,145,58,156,64,161,76,111,76,112,87,113,98,114,109,97,122,105,124,112,127,118,125,123,123,64,81,72,76,81,76,89,81,81,83,72,84,125,83,134,78,143,78,149,84,143,86,134,85,79,150,92,145,103,143,111,145,118,143,127,146,136,150,127,155,119,157,111,157,103,156,92,154,83,150,103,148,111,149,118,149,131,150,118,149,111,149,103,149
Person9,97,88,97,100,99,112,102,124,105,135,111,146,118,155,126,162,138,164,150,162,160,154,168,145,175,134,179,122,181,110,182,98,183,85,103,88,107,81,115,79,123,80,131,83,140,82,148,78,156,77,165,78,170,84,135,88,135,97,135,106,135,115,127,119,131,121,135,122,140,120,144,118,111,90,115,87,121,86,125,90,121,92,115,92,148,89,152,85,157,85,161,88,158,90,152,90,121,133,127,133,132,132,136,133,141,131,147,131,155,130,148,135,143,138,137,139,132,139,127,137,123,133,132,134,137,135,142,133,153,130,142,133,137,135,132,134
Person10,46,78,46,97,47,115,50,134,58,152,69,169,81,186,94,204,112,209,130,205,146,189,161,172,176,154,187,135,191,113,191,91,190,69,53,78,58,68,70,66,83,69,95,74,113,71,128,65,142,63,156,64,166,73,104,84,103,98,102,113,101,127,88,130,95,134,104,137,113,133,122,129,65,85,72,82,81,82,89,85,81,87,72,87,126,83,133,79,142,79,150,82,142,84,133,85,76,141,87,141,98,143,107,145,118,143,132,140,147,139,135,159,121,169,110,171,99,170,87,161,80,143,98,146,107,148,118,145,144,140,120,160,109,162,99,160
Person11,34,137,36,150,39,164,43,177,49,190,57,202,66,213,75,225,89,227,103,224,116,212,129,199,140,185,146,170,148,153,148,136,146,119,36,130,40,122,49,119,59,120,69,122,82,116,93,110,105,107,117,107,126,114,76,129,76,141,76,152,76,164,70,169,74,172,80,173,86,170,91,167,47,135,53,131,60,129,67,133,60,136,53,137,95,129,101,124,109,123,115,125,110,130,102,130,66,188,72,188,77,187,83,188,88,185,97,185,108,183,99,192,91,196,84,197,78,197,73,195,70,189,78,189,83,190,89,188,104,185,89,189,83,190,78,190
Person12,39,103,41,113,43,124,46,134,50,143,57,150,66,156,76,160,88,160,100,158,111,152,120,146,127,137,130,127,131,116,131,104,130,93,46,88,49,80,57,74,65,73,74,74,86,71,94,68,103,67,112,71,117,79,80,84,80,91,80,98,80,105,74,113,78,114,82,114,86,113,90,113,56,92,60,88,66,87,71,90,66,92,60,93,93,87,98,83,104,83,108,86,104,88,98,89,66,131,71,123,78,119,83,120,88,119,96,122,104,129,97,134,90,136,84,137,79,137,72,136,69,130,78,125,83,124,89,124,101,128,89,129,84,130,78,130
Person13,109,70,109,79,110,89,111,99,115,109,120,117,127,125,136,130,146,131,156,129,165,124,172,117,178,109,181,100,183,90,184,81,184,71,118,60,122,53,128,49,136,50,142,53,155,53,161,50,168,50,174,53,177,59,148,63,148,70,147,77,147,84,141,91,144,91,147,92,151,91,154,91,126,68,129,65,134,65,138,68,134,70,129,70,158,68,161,65,166,65,169,67,166,69,162,69,135,107,140,103,144,101,148,102,151,101,155,103,160,106,155,109,151,110,147,110,143,110,139,110,137,106,144,105,147,105,151,105,157,106,151,105,147,106,144,105
Person14,102,67,103,77,104,87,106,97,111,105,117,114,124,122,132,129,142,131,152,128,160,120,167,111,172,102,176,92,177,82,176,71,176,61,108,67,110,61,117,59,124,59,130,61,141,60,148,57,155,55,163,57,168,62,135,67,135,74,136,82,136,89,128,91,132,92,137,94,142,92,147,89,115,70,118,68,123,67,127,69,123,70,118,71,147,67,151,65,155,64,159,65,156,67,151,67,121,99,127,99,133,99,138,100,144,98,151,97,158,96,152,105,145,110,139,111,133,111,127,107,123,99,133,101,138,101,144,100,156,97,144,105,139,107,133,106
Person15,30,94,31,110,33,125,35,141,41,156,50,169,63,181,79,190,98,193,116,189,132,178,145,166,154,152,160,135,161,118,161,100,161,83,42,75,47,64,58,59,70,59,82,62,101,61,113,55,126,53,138,57,145,67,91,74,92,84,93,95,93,106,83,118,89,119,95,120,101,118,106,116,54,82,60,76,69,75,75,81,69,84,61,85,110,78,118,71,126,71,132,76,127,80,118,80,71,148,79,141,88,136,95,138,103,135,113,138,123,144,114,152,105,156,97,157,89,157,80,155,75,148,88,144,96,144,103,143,119,144,104,146,96,147,89,147
Person16,77,34,77,55,78,74,80,94,87,113,98,130,112,146,129,161,146,166,165,163,182,149,196,134,207,117,215,98,218,78,221,59,223,39,95,33,104,25,117,24,129,27,142,31,163,31,176,27,189,26,202,28,210,37,151,44,150,58,150,72,149,87,136,92,142,95,149,98,156,96,161,93,109,43,116,39,126,39,132,45,124,48,115,48,171,46,178,41,188,41,195,46,188,50,179,49,124,116,133,115,141,115,148,117,154,115,162,116,171,118,163,126,154,129,147,129,140,129,132,125,129,117,140,119,147,121,154,120,167,119,154,119,147,120,140,119
Person17,42,95,42,110,44,125,47,140,51,154,58,166,67,178,78,189,92,193,108,191,121,181,131,168,139,154,144,140,147,125,148,109,149,94,51,98,57,91,66,89,75,91,85,94,102,95,111,90,121,87,131,88,139,95,93,103,93,114,93,126,93,137,83,141,88,143,93,145,99,143,104,141,62,103,67,100,74,100,80,105,74,107,66,107,108,104,114,99,121,99,127,102,122,106,114,107,75,158,81,157,87,157,93,158,99,157,106,157,114,158,106,164,99,167,93,167,87,166,81,164,78,159,87,160,93,161,99,160,111,158,99,159,93,160,87,159
Person18,85,49,84,67,82,85,82,103,86,120,96,134,109,144,126,154,145,159,164,158,180,153,196,147,207,135,214,121,218,105,222,88,226,71,103,30,114,21,128,18,142,21,154,28,174,30,186,28,199,30,210,35,217,45,162,42,160,51,158,61,156,70,142,83,148,85,153,88,160,87,167,86,117,44,125,38,134,39,142,47,133,48,124,47,178,50,186,44,195,46,201,54,194,55,185,53,126,110,137,105,147,101,153,103,160,103,168,108,176,116,167,120,158,120,151,120,145,119,136,116,130,110,146,108,152,109,159,109,172,115,159,112,153,111,146,110
Person19,41,108,41,124,43,139,44,154,50,169,59,181,71,192,83,201,98,203,112,201,125,192,136,181,145,168,150,154,151,139,153,124,154,109,54,103,60,96,70,93,80,95,91,97,106,97,116,93,126,92,136,94,143,101,98,107,98,117,98,128,98,138,89,145,93,147,98,148,103,146,107,145,66,110,71,107,78,106,83,109,78,112,71,112,113,108,119,105,126,105,131,108,126,110,119,110,78,166,85,164,92,163,98,164,104,163,111,163,119,164,112,171,105,174,99,174,92,174,85,171,82,166,92,167,98,167,104,166,116,165,105,166,98,167,92,166
Person20,-1,108,-2,126,-1,144,0,163,4,180,12,197,24,212,40,222,59,224,77,221,91,209,101,194,109,179,114,163,118,147,120,131,121,116,10,103,17,93,30,89,44,91,56,96,74,96,86,92,98,91,109,95,114,105,65,110,65,123,65,135,65,148,50,154,57,156,63,158,70,156,76,154,24,112,30,107,39,108,47,113,39,115,30,115,79,114,86,109,95,109,101,113,96,116,87,116,34,176,44,170,54,169,62,171,70,170,79,170,86,175,79,185,70,191,61,192,52,191,42,187,38,176,54,175,62,175,70,174,82,176,70,181,61,183,53,182
Person21,28,122,29,141,31,161,33,180,40,198,51,214,65,229,81,241,100,244,119,240,135,228,147,213,158,197,163,179,166,160,167,141,168,122,42,121,51,112,64,109,77,111,90,116,105,114,118,109,131,107,144,109,153,117,97,126,97,139,96,152,96,165,84,172,90,174,96,176,103,173,110,171,56,128,63,123,73,123,80,128,72,130,63,131,115,127,122,121,132,121,139,125,132,128,123,128,71,194,79,187,89,184,97,185,105,183,115,186,125,193,117,203,107,209,98,210,90,210,80,204,75,194,89,191,97,191,105,190,121,193,106,198,98,200,90,199
Person22,25,118,26,138,28,158,32,178,39,196,50,214,63,230,79,242,97,245,116,243,131,230,142,214,152,197,159,179,163,160,167,141,168,121,39,116,50,108,65,108,79,111,93,117,109,118,122,113,136,110,149,111,158,120,101,128,101,143,102,159,102,175,87,179,93,182,101,185,108,183,115,179,55,126,62,121,73,122,81,129,72,133,61,132,118,131,125,124,136,123,143,128,137,134,126,134,73,202,83,201,93,201,100,204,108,202,116,203,125,204,116,212,108,215,100,215,91,214,82,211,76,203,92,205,100,206,108,205,121,204,108,205,100,207,92,205
Person23,27,94,28,114,31,135,35,155,42,175,52,193,65,210,81,223,102,227,124,224,140,211,153,194,163,175,169,156,174,135,176,114,175,94,39,92,48,81,62,79,77,81,91,86,108,86,123,79,139,76,155,79,166,90,99,97,99,112,99,127,98,143,85,150,92,153,100,154,108,152,115,150,54,99,61,93,72,92,81,100,72,103,61,103,120,100,129,92,140,91,149,97,141,102,130,102,72,178,82,176,91,175,99,177,107,175,117,176,129,177,119,185,109,188,100,188,92,187,83,185,76,179,91,180,99,181,108,179,125,178,108,179,100,180,92,179
Person24,51,102,51,116,52,131,57,144,66,155,78,164,91,171,105,176,118,176,127,173,131,164,134,155,138,145,141,135,144,125,144,114,143,105,78,96,87,90,96,88,107,88,116,92,125,92,131,88,137,85,143,85,146,91,121,100,123,108,125,117,127,125,113,131,118,132,123,133,127,132,129,130,90,102,95,100,101,99,105,103,101,105,95,105,126,101,131,97,136,96,139,100,137,103,131,103,99,147,109,145,116,144,121,145,125,144,128,144,131,145,128,150,125,151,121,152,116,152,108,150,102,147,116,147,121,147,125,146,129,146,126,146,121,147,116,146
Person25,42,125,43,142,46,158,49,174,55,189,62,205,71,220,82,232,98,236,115,233,130,220,142,204,151,187,158,170,162,152,165,136,166,118,46,122,54,114,67,114,79,116,91,121,107,119,119,114,132,112,144,113,152,120,98,129,97,143,96,157,96,170,85,174,90,177,96,179,103,177,110,175,60,128,67,123,76,123,83,130,75,133,66,133,117,129,124,122,133,122,139,127,133,132,125,132,76,195,83,194,90,194,96,196,103,194,111,195,120,196,111,204,103,206,95,206,88,206,82,203,78,196,89,197,96,199,103,197,116,196,103,198,96,199,89,198
